Date,Open,High,Low,Close,Adj Close,Volume,SMA_50,SMA_200,RSI,Buy_Signal,Sell_Signal
2023-04-11,162.35000610351562,162.36000061035156,160.50999450683594,160.8000030517578,159.7296142578125,47644200,154.05859954833986,149.3807995223999,53.4296095998083,False,False
2023-04-12,161.22000122070312,162.05999755859375,159.77999877929688,160.10000610351562,159.03427124023438,50133100,154.40059967041014,149.47299953460694,55.301266385722755,False,False
2023-04-13,161.6300048828125,165.8000030517578,161.4199981689453,165.55999755859375,164.4579315185547,68445600,154.82599975585939,149.59249950408935,62.86379483487126,False,False
2023-04-14,164.58999633789062,166.32000732421875,163.82000732421875,165.2100067138672,164.11026000976562,49386500,155.22160003662108,149.73134952545166,60.00001230547353,False,False
2023-04-17,165.08999633789062,165.38999938964844,164.02999877929688,165.22999572753906,164.13011169433594,41516200,155.5097998046875,149.86134952545166,65.20787687721578,False,False
2023-04-18,166.10000610351562,167.41000366210938,165.64999389648438,166.47000122070312,165.3618621826172,49923000,155.74919982910157,150.01009952545166,68.79797642106467,False,False
2023-04-19,165.8000030517578,168.16000366210938,165.5399932861328,167.6300048828125,166.51414489746094,47720200,156.06720001220702,150.15359958648682,65.9535011138924,False,False
2023-04-20,166.08999633789062,167.8699951171875,165.55999755859375,166.64999389648438,165.5406494140625,52456400,156.30720001220703,150.27904956817628,60.26805507772925,False,False
2023-04-21,165.0500030517578,166.4499969482422,164.49000549316406,165.02000427246094,163.92152404785156,58337300,156.56920013427734,150.38954959869386,50.30032633042846,False,False
2023-04-24,165.0,165.60000610351562,163.88999938964844,165.3300018310547,164.2294464111328,41949600,156.85840026855467,150.48444957733153,47.791806458755524,False,False
2023-04-25,165.19000244140625,166.30999755859375,163.72999572753906,163.77000427246094,162.67984008789062,48714100,157.1136004638672,150.56809963226317,45.359278359542564,False,False
2023-04-26,163.05999755859375,165.27999877929688,162.8000030517578,163.75999450683594,162.66990661621094,45498800,157.3118002319336,150.6625496292114,50.0,False,False
2023-04-27,165.19000244140625,168.55999755859375,165.19000244140625,168.41000366210938,167.2889404296875,64902300,157.61600036621093,150.7752996444702,58.54993445606887,False,False
2023-04-28,168.49000549316406,169.85000610351562,167.8800048828125,169.67999267578125,168.55047607421875,55209200,157.90300018310546,150.8962495803833,68.59504745288464,False,False
2023-05-01,169.27999877929688,170.4499969482422,168.63999938964844,169.58999633789062,168.46109008789062,52472900,158.22059997558594,151.00184955596924,72.61966933231136,False,True
2023-05-02,170.08999633789062,170.35000610351562,167.5399932861328,168.5399932861328,167.41807556152344,48425700,158.54039978027345,151.0936995315552,71.33466687135164,False,True
2023-05-03,169.5,170.9199981689453,167.16000366210938,167.4499969482422,166.33534240722656,65136000,158.9197998046875,151.19559947967528,56.132384204913514,False,False
2023-05-04,164.88999938964844,167.0399932861328,164.30999755859375,165.7899932861328,164.68638610839844,81235400,159.25739959716796,151.26954944610597,51.73440947943075,False,False
2023-05-05,170.97999572753906,174.3000030517578,170.75999450683594,173.57000732421875,172.4146270751953,113316400,159.74079986572266,151.37219951629638,67.03431914894944,False,False
2023-05-08,172.47999572753906,173.85000610351562,172.11000061035156,173.5,172.34506225585938,55962800,160.27659973144532,151.4629494857788,65.07934429835184,False,False
2023-05-09,173.0500030517578,173.5399932861328,171.60000610351562,171.77000427246094,170.6265869140625,45326900,160.75359985351562,151.55134952545166,58.668333119275964,False,False
2023-05-10,173.02000427246094,174.02999877929688,171.89999389648438,173.55999755859375,172.4046630859375,53724500,161.27659973144532,151.6543995285034,63.99352567604649,False,False
2023-05-11,173.85000610351562,174.58999633789062,172.1699981689453,173.75,172.59339904785156,49514700,161.84539978027342,151.76514949798585,68.7741720389601,False,False
2023-05-12,173.6199951171875,174.05999755859375,171.0,172.57000732421875,171.65838623046875,45497800,162.37859985351562,151.84404956817627,65.00829680482866,False,False
2023-05-15,173.16000366210938,173.2100067138672,171.47000122070312,172.07000732421875,171.16102600097656,37266700,162.79940002441407,151.91764957427978,67.99652740327448,False,False
2023-05-16,171.99000549316406,173.13999938964844,171.8000030517578,172.07000732421875,171.16102600097656,42110300,163.16420013427734,151.9654496383667,68.02605578559584,False,False
2023-05-17,171.7100067138672,172.92999267578125,170.4199981689453,172.69000244140625,171.77774047851562,57951600,163.58600006103515,152.02134967803954,61.25131769587339,False,False
2023-05-18,173.0,175.24000549316406,172.5800018310547,175.0500030517578,174.12527465820312,65496700,164.02960021972658,152.09654972076416,63.351591777705785,False,False
2023-05-19,176.38999938964844,176.38999938964844,174.94000244140625,175.16000366210938,174.2346954345703,55772400,164.52100036621093,152.14169971466063,63.83508686819684,False,False
2023-05-22,173.97999572753906,174.7100067138672,173.4499969482422,174.1999969482422,173.27975463867188,43570900,165.03500030517577,152.1836497116089,64.1217596026016,False,False
2023-05-23,173.1300048828125,173.3800048828125,171.27999877929688,171.55999755859375,170.65370178222656,50747300,165.45680023193358,152.21469966888426,59.51829180810546,False,False
2023-05-24,171.08999633789062,172.4199981689453,170.52000427246094,171.83999633789062,170.93222045898438,45143500,165.8418002319336,152.2495496749878,64.96784028183072,False,False
2023-05-25,172.41000366210938,173.89999389648438,171.69000244140625,172.99000549316406,172.07614135742188,56058300,166.24180023193358,152.28989971160888,47.8645001735996,False,False
2023-05-26,173.32000732421875,175.77000427246094,173.11000061035156,175.42999267578125,174.50323486328125,54835000,166.6333999633789,152.32084964752198,56.05014072541992,False,False
2023-05-30,176.9600067138672,178.99000549316406,176.57000732421875,177.3000030517578,176.36338806152344,55964400,167.07940002441407,152.36489963531494,67.18458681769299,False,False
2023-05-31,177.3300018310547,179.35000610351562,176.75999450683594,177.25,176.3136444091797,99625300,167.47640014648437,152.39064960479737,62.857145895227994,False,False
2023-06-01,177.6999969482422,180.1199951171875,176.92999267578125,180.08999633789062,179.13864135742188,68901800,167.89260009765624,152.42514957427977,68.64704805261948,False,False
2023-06-02,181.02999877929688,181.77999877929688,179.25999450683594,180.9499969482422,179.9940948486328,61945900,168.355,152.46474956512452,75.11986102433264,False,True
2023-06-05,182.6300048828125,184.9499969482422,178.0399932861328,179.5800018310547,178.63134765625,121946500,168.76800018310547,152.48989955902098,71.39599202543653,False,True
2023-06-06,179.97000122070312,180.1199951171875,177.42999267578125,179.2100067138672,178.26329040527344,64848400,169.1472003173828,152.51519962310792,69.92187533261523,False,False
2023-06-07,178.44000244140625,181.2100067138672,177.32000732421875,177.82000732421875,176.88064575195312,61944600,169.53800048828126,152.5466996383667,63.72392780283263,False,False
2023-06-08,177.89999389648438,180.83999633789065,177.4600067138672,180.57000732421875,179.61610412597656,50214900,169.99640075683592,152.6116996383667,64.46541861300179,False,False
2023-06-09,181.5,182.22999572753903,180.6300048828125,180.9600067138672,180.00404357910156,48870700,170.40020080566407,152.68034969329835,64.97934625233592,False,False
2023-06-12,181.2700042724609,183.88999938964844,180.97000122070312,183.7899932861328,182.819091796875,54274900,170.82880065917968,152.76164966583252,72.58597541341797,False,True
2023-06-13,182.8000030517578,184.1499938964844,182.44000244140625,183.30999755859372,182.3416290283203,54929100,171.19700073242188,152.828049659729,80.8075885963016,False,True
2023-06-14,183.3699951171875,184.38999938964844,182.0200042724609,183.9499969482422,182.97825622558597,57462900,171.55260070800782,152.92969966888427,81.16318755924264,False,True
2023-06-15,183.9600067138672,186.5200042724609,183.77999877929688,186.00999450683597,185.02737426757807,65433200,171.96020050048827,153.0528496170044,82.00592648162035,False,True
2023-06-16,186.72999572753903,186.9900054931641,184.2700042724609,184.9199981689453,183.9431304931641,101235600,172.38340057373046,153.18289958953858,74.98688256662959,False,True
2023-06-20,184.41000366210935,186.1000061035156,184.41000366210935,185.00999450683597,184.03265380859372,49799100,172.790400390625,153.32184955596924,72.39979359359917,False,True
2023-06-21,184.8999938964844,185.41000366210935,182.58999633789065,183.9600067138672,182.98822021484372,49515700,173.2290005493164,153.45184955596923,68.42401628279354,False,False
2023-06-22,183.7400054931641,187.0500030517578,183.6699981689453,187.0,186.01214599609372,51245300,173.75300048828126,153.60779956817626,68.76704290211286,False,False
2023-06-23,185.5500030517578,187.55999755859372,185.00999450683597,186.67999267578125,185.6938323974609,53079300,174.28460021972657,153.76854953765869,66.03249012701448,False,False
2023-06-26,186.8300018310547,188.0500030517578,185.22999572753903,185.2700042724609,184.2912750244141,48088700,174.6788003540039,153.91509952545167,65.8850381598742,False,False
2023-06-27,185.88999938964844,188.38999938964844,185.6699981689453,188.05999755859372,187.0665283203125,50730800,175.13580017089845,154.0830994796753,71.76590412528878,False,True
2023-06-28,187.92999267578125,189.8999938964844,187.6000061035156,189.25,188.250244140625,51216800,175.61620025634767,154.24249950408935,78.39052299967526,False,True
2023-06-29,189.0800018310547,190.07000732421875,188.94000244140625,189.58999633789065,188.5884552001953,46347300,176.07860015869142,154.3732995223999,75.45152218129058,False,True
2023-06-30,191.6300048828125,194.47999572753903,191.25999450683597,193.97000122070312,192.9453125,85069600,176.60540008544922,154.57394954681396,79.9632129425215,False,True
2023-07-03,193.77999877929688,193.8800048828125,191.75999450683597,192.4600067138672,191.44329833984372,31458200,177.12160034179686,154.75969959259032,71.26050306972488,False,True
2023-07-05,191.57000732421875,192.97999572753903,190.6199951171875,191.3300018310547,190.3192596435547,46920300,177.64780029296875,154.95449962615967,69.05897924032261,False,False
2023-07-06,189.83999633789065,192.0200042724609,189.1999969482422,191.80999755859372,190.79673767089844,45094300,178.17740020751953,155.16004962921141,68.82187740474363,False,False
2023-07-07,191.41000366210935,192.6699981689453,190.2400054931641,190.67999267578125,189.6726837158203,46778000,178.71559997558595,155.34104961395263,61.70427575699388,False,False
2023-07-10,189.25999450683597,189.9900054931641,187.0399932861328,188.6100006103516,187.61363220214844,59922200,179.21260009765626,155.49959964752196,58.81511971573261,False,False
2023-07-11,189.16000366210935,189.3000030517578,186.6000061035156,188.0800018310547,187.08644104003903,46638100,179.60600006103516,155.67139965057373,57.1829958115018,False,False
2023-07-12,189.67999267578125,191.6999969482422,188.47000122070312,189.7700042724609,188.7675018310547,60750200,180.00780029296874,155.85654964447022,63.19855301342299,False,False
2023-07-13,190.5,191.19000244140625,189.77999877929688,190.5399932861328,189.53343200683597,41342300,180.42680023193358,156.05709964752197,58.9665597107165,False,False
2023-07-14,190.22999572753903,191.17999267578125,189.6300048828125,190.69000244140625,189.68264770507807,41573900,180.86980041503907,156.2566996383667,60.245310470333045,False,False
2023-07-17,191.8999938964844,194.32000732421875,191.80999755859372,193.9900054931641,192.9652099609375,50520200,181.4006005859375,156.46784969329835,70.31687952662196,False,True
2023-07-18,193.3500061035156,194.3300018310547,192.4199981689453,193.72999572753903,192.7065887451172,48353800,181.95940063476561,156.6872996902466,64.97621709547899,False,False
2023-07-19,193.1000061035156,198.22999572753903,192.6499938964844,195.1000061035156,194.06935119628903,80507300,182.39000061035156,156.95039974212648,65.30612570804385,False,False
2023-07-20,195.08999633789065,196.47000122070312,192.5,193.1300048828125,192.10975646972656,59581200,182.7826007080078,157.22504978179933,58.534245426414245,False,False
2023-07-21,194.1000061035156,194.97000122070312,191.22999572753903,191.94000244140625,190.926025390625,71917800,183.18600067138672,157.47249980926514,44.21653372840949,False,False
2023-07-24,193.41000366210935,194.91000366210935,192.25,192.75,191.7317657470703,45377800,183.56980072021486,157.70574977874756,50.860513111222396,False,False
2023-07-25,193.3300018310547,194.44000244140625,192.9199981689453,193.6199951171875,192.5971527099609,37283200,183.9672006225586,157.9418497848511,56.90172298189089,False,False
2023-07-26,193.6699981689453,195.63999938964844,193.32000732421875,194.5,193.47250366210935,47471900,184.4058004760742,158.18719982147218,57.91641893991518,False,False
2023-07-27,196.0200042724609,197.1999969482422,192.5500030517578,193.22000122070312,192.1992645263672,47460200,184.8288003540039,158.45284984588622,57.40958685573065,False,False
2023-07-28,194.6699981689453,196.6300048828125,194.13999938964844,195.8300018310547,194.79547119140625,48291400,185.30400024414064,158.72989986419677,70.4185287025384,False,True
2023-07-31,196.05999755859372,196.4900054931641,195.25999450683597,196.4499969482422,195.41221618652344,38824100,185.77920013427735,159.0172498703003,73.55088890720735,False,True
2023-08-01,196.2400054931641,196.72999572753903,195.27999877929688,195.6100006103516,194.57666015625,35175100,186.19040008544923,159.3035998916626,67.25765869759316,False,False
2023-08-02,195.0399932861328,195.17999267578125,191.8500061035156,192.5800018310547,191.5626678466797,50389300,186.53880004882814,159.55154987335206,55.31805546937027,False,False
2023-08-03,191.57000732421875,192.3699951171875,190.69000244140625,191.1699981689453,190.16012573242188,61235200,186.8782000732422,159.81549983978272,51.17415682945929,False,False
2023-08-04,185.5200042724609,187.3800048828125,181.9199981689453,181.9900054931641,181.02859497070312,115799700,187.08680023193358,160.01339984893798,27.203653760084592,True,False
2023-08-07,182.1300048828125,183.1300048828125,177.35000610351562,178.85000610351562,177.90521240234375,97576100,187.22700042724608,160.18889987945556,24.520563049375284,True,False
2023-08-08,179.69000244140625,180.2700042724609,177.5800018310547,179.8000030517578,178.8501739501953,67823000,187.36320037841796,160.3685998916626,23.41902047849429,True,False
2023-08-09,180.8699951171875,180.92999267578125,177.00999450683594,178.19000244140625,177.24867248535156,60378500,187.41840057373048,160.5425999069214,23.71567307299955,True,False
2023-08-10,179.47999572753906,180.75,177.60000610351562,177.97000122070312,177.02984619140625,54686900,187.43180053710938,160.69609989166258,24.55371486446073,True,False
2023-08-11,177.32000732421875,178.6199951171875,176.5500030517578,177.7899932861328,177.089599609375,51988100,187.44260040283203,160.83779987335205,22.11034463140227,True,False
2023-08-14,177.97000122070312,179.69000244140625,177.30999755859375,179.4600067138672,178.75303649902344,43675600,187.43000061035156,160.97339992523194,24.366431781581724,True,False
2023-08-15,178.8800048828125,179.47999572753906,177.0500030517578,177.4499969482422,176.7509307861328,43622600,187.36000061035156,161.11389987945557,20.347836517155386,True,False
2023-08-16,177.1300048828125,178.5399932861328,176.5,176.57000732421875,175.87442016601562,46964900,187.29980072021485,161.27274990081787,20.63493772154841,True,False
2023-08-17,177.13999938964844,177.50999450683594,173.47999572753906,174.0,173.31454467773438,66062900,187.1956005859375,161.36404987335206,11.444733402503601,True,False
2023-08-18,172.3000030517578,175.10000610351562,171.9600067138672,174.49000549316406,173.8026123046875,61114200,187.1290005493164,161.4697999191284,11.03624311378671,True,False
2023-08-21,175.07000732421875,176.1300048828125,173.74000549316406,175.83999633789062,175.1472930908203,46311900,187.03440032958986,161.59574993133546,15.545500042813927,True,False
2023-08-22,177.05999755859375,177.67999267578125,176.25,177.22999572753906,176.53179931640625,42084200,186.9598001098633,161.75674991607667,21.626625299675652,True,False
2023-08-23,178.52000427246094,181.5500030517578,178.3300018310547,181.1199951171875,180.406494140625,52722800,186.90640014648437,161.96794986724854,32.98340962724238,False,False
2023-08-24,180.6699981689453,181.1000061035156,176.00999450683594,176.3800048828125,175.68516540527344,54945800,186.76780029296876,162.15794986724853,38.82025106139451,False,False
2023-08-25,177.3800048828125,179.14999389648438,175.82000732421875,178.61000061035156,177.90638732910156,51449600,186.66100036621094,162.35639987945558,49.50371088832249,False,False
2023-08-28,180.08999633789062,180.58999633789065,178.5500030517578,180.19000244140625,179.48016357421875,43820700,186.54460052490234,162.5598498916626,50.78597176172193,False,False
2023-08-29,179.6999969482422,184.8999938964844,179.5,184.1199951171875,183.3946685791016,53003900,186.52860046386718,162.8060998916626,60.928845574108315,False,False
2023-08-30,184.94000244140625,187.8500061035156,184.7400054931641,187.6499938964844,186.9107666015625,60813900,186.58140045166016,163.00999988555907,65.90011810021076,False,False
2023-08-31,187.83999633789065,189.1199951171875,187.47999572753903,187.8699951171875,187.1298828125,60794500,186.65960021972657,163.20084987640382,66.53543839238023,False,False
2023-09-01,189.4900054931641,189.9199981689453,188.27999877929688,189.4600067138672,188.713623046875,45732600,186.7088003540039,163.40674991607665,66.44737172324969,False,False
2023-09-05,188.27999877929688,189.97999572753903,187.6100006103516,189.6999969482422,188.9526824951172,45280000,186.76920043945313,163.6050499343872,71.39366218726916,False,True
2023-09-06,188.3999938964844,188.8500061035156,181.47000122070312,182.91000366210935,182.1894378662109,81755800,186.7220004272461,163.7756499862671,59.177765447435284,False,False
2023-09-07,175.17999267578125,178.2100067138672,173.5399932861328,177.55999755859375,176.86050415039062,112488800,186.5120004272461,163.90984996795655,54.769560250584476,False,False
2023-09-08,178.35000610351562,180.2400054931641,177.7899932861328,178.17999267578125,177.47805786132812,65551300,186.2906002807617,164.04429996490478,54.92655606173765,False,False
2023-09-11,180.07000732421875,180.3000030517578,177.33999633789062,179.36000061035156,178.65342712402344,58953100,186.08600036621092,164.20104999542235,54.721037860068485,False,False
2023-09-12,179.49000549316406,180.1300048828125,174.82000732421875,176.3000030517578,175.60548400878906,90370200,185.73260040283202,164.33165004730225,48.80617058668211,False,False
2023-09-13,176.50999450683594,177.3000030517578,173.97999572753906,174.2100067138672,173.52371215820312,84267900,185.36760040283204,164.4473500442505,40.6998756705759,False,False
2023-09-14,174.0,176.10000610351562,173.5800018310547,175.74000549316406,175.0476837158203,60895800,185.0558004760742,164.58550006866454,49.05716023667767,False,False
2023-09-15,176.47999572753906,176.5,173.82000732421875,175.00999450683594,174.32054138183594,109205100,184.71980041503906,164.73945003509522,44.45128570810372,False,False
2023-09-18,176.47999572753906,179.3800048828125,176.1699981689453,177.97000122070312,177.26890563964844,67257600,184.4656005859375,164.923450050354,46.71791729756167,False,False
2023-09-19,177.52000427246094,179.6300048828125,177.1300048828125,179.07000732421875,178.36456298828125,51826900,184.27480072021484,165.0786500930786,41.85223554158079,False,False
2023-09-20,179.25999450683594,179.6999969482422,175.39999389648438,175.49000549316406,174.79867553710938,58436200,184.02300079345704,165.21455013275147,30.412404835419963,False,False
2023-09-21,174.5500030517578,176.3000030517578,173.86000061035156,173.92999267578125,173.2447967529297,63047900,183.70620056152345,165.3451501083374,28.474386656726637,True,False
2023-09-22,174.6699981689453,177.0800018310547,174.0500030517578,174.7899932861328,174.10142517089844,56725400,183.39120056152345,165.485950050354,26.82464121383694,True,False
2023-09-25,174.1999969482422,176.97000122070312,174.14999389648438,176.0800018310547,175.38633728027344,46172700,183.0990005493164,165.65180004119873,29.174346602707388,True,False
2023-09-26,174.82000732421875,175.1999969482422,171.66000366210938,171.9600067138672,171.28257751464844,64588900,182.65840057373046,165.80690006256103,31.768263899933416,False,False
2023-09-27,172.6199951171875,173.0399932861328,169.0500030517578,170.42999267578125,169.7585906982422,66921800,182.19240051269531,165.94580005645753,36.39833917641128,False,False
2023-09-28,169.33999633789062,172.02999877929688,167.6199951171875,170.69000244140625,170.017578125,56294400,181.70420043945313,166.088450050354,35.51262905006169,False,False
2023-09-29,172.02000427246094,173.07000732421875,170.33999633789062,171.2100067138672,170.53553771972656,51814200,181.26580047607422,166.22205005645753,33.82299849290308,False,False
2023-10-02,171.22000122070312,174.3000030517578,170.92999267578125,173.75,173.0655059814453,52164500,180.9020004272461,166.363450050354,44.83178570699607,False,False
2023-10-03,172.25999450683594,173.6300048828125,170.82000732421875,172.39999389648438,171.72084045410156,49594600,180.49500030517578,166.50939998626708,46.21812034960571,False,False
2023-10-04,171.08999633789062,174.2100067138672,170.97000122070312,173.66000366210938,172.9758758544922,53020300,180.09580047607423,166.69520000457763,45.60440658924652,False,False
2023-10-05,173.7899932861328,175.4499969482422,172.67999267578125,174.91000366210938,174.22096252441406,48527900,179.70400054931642,166.897200050354,49.79323705641255,False,False
2023-10-06,173.8000030517578,177.99000549316406,173.17999267578125,177.49000549316406,176.79078674316406,57224100,179.38940063476562,167.1228001022339,48.9916083297377,False,False
2023-10-09,176.80999755859375,179.0500030517578,175.8000030517578,178.99000549316406,178.28488159179688,42390800,179.05260070800782,167.3562501144409,49.834707356673334,False,False
2023-10-10,178.10000610351562,179.72000122070312,177.9499969482422,178.38999938964844,177.68724060058594,43698000,178.69140075683595,167.57095012664794,56.8331418200331,False,False
2023-10-11,178.1999969482422,179.85000610351562,177.60000610351562,179.8000030517578,179.09169006347656,47551100,178.37520080566406,167.80880016326904,63.92974746659116,False,False
2023-10-12,180.07000732421875,182.33999633789065,179.0399932861328,180.7100067138672,179.99810791015625,56743100,178.1378009033203,168.05305019378662,64.01514604182861,False,False
2023-10-13,181.4199981689453,181.92999267578125,178.13999938964844,178.85000610351562,178.14544677734375,51427100,177.8914010620117,168.2971502304077,56.38542672807688,False,False
2023-10-16,176.75,179.0800018310547,176.50999450683594,178.72000122070312,178.01593017578125,52517000,177.8260009765625,168.5605502319336,69.09596712388286,False,False
2023-10-17,176.64999389648438,178.4199981689453,174.8000030517578,177.14999389648438,176.45213317871094,57549400,177.79200073242188,168.79825019836426,68.94019672943338,False,False
2023-10-18,175.5800018310547,177.5800018310547,175.11000061035156,175.83999633789062,175.1472930908203,54764400,177.71280059814453,169.0278002166748,63.70405319370096,False,False
2023-10-19,176.0399932861328,177.83999633789062,175.19000244140625,175.4600067138672,174.76878356933594,59302900,177.65820068359375,169.27975025177003,61.394086961075,False,False
2023-10-20,175.30999755859375,175.4199981689453,172.63999938964844,172.8800048828125,172.19894409179688,64189300,177.55640075683593,169.5123502731323,47.6725693338885,False,False
2023-10-23,170.91000366210938,174.00999450683594,169.92999267578125,173.0,172.31846618652344,55980100,177.46060089111327,169.752250289917,51.71822837467009,False,False
2023-10-24,173.0500030517578,173.6699981689453,171.4499969482422,173.44000244140625,172.75672912597656,43816600,177.34020080566407,169.97135032653807,49.33893922165572,False,False
2023-10-25,171.8800048828125,173.05999755859375,170.64999389648438,171.10000610351562,170.42596435546875,57157000,177.21320098876953,170.17610038757323,39.25551269671605,False,False
2023-10-26,170.3699951171875,171.3800048828125,165.6699981689453,166.88999938964844,166.23252868652344,70625300,177.01960083007813,170.35690040588378,22.623973618710295,True,False
2023-10-27,166.91000366210938,168.9600067138672,166.8300018310547,168.22000122070312,167.5572967529297,58499100,176.90400085449218,170.5305503845215,21.938524391378436,True,False
2023-10-30,169.02000427246094,171.1699981689453,168.8699951171875,170.2899932861328,169.619140625,51131000,176.82000061035157,170.7149503326416,30.396890929958772,False,False
2023-10-31,169.35000610351562,170.89999389648438,167.89999389648438,170.77000427246094,170.09725952148438,44846000,176.71860076904298,170.8950003814697,27.116082739248867,True,False
2023-11-01,171.0,174.22999572753906,170.1199951171875,173.97000122070312,173.28465270996094,56934900,176.65340087890624,171.0851503753662,34.695721649806,False,False
2023-11-02,175.52000427246094,177.77999877929688,175.4600067138672,177.57000732421875,176.87046813964844,77334800,176.58240112304688,171.29695037841796,47.306400982316255,False,False
2023-11-03,174.24000549316406,176.82000732421875,173.35000610351562,176.64999389648438,175.95408630371094,79763700,176.5878009033203,171.5038503265381,45.78410228042588,False,False
2023-11-06,176.3800048828125,179.42999267578125,176.2100067138672,179.22999572753906,178.52392578125,63841300,176.60020080566406,171.71065032958984,54.06885913147924,False,False
2023-11-07,179.17999267578125,182.44000244140625,178.97000122070312,181.82000732421875,181.1037139892578,70530000,176.63280090332032,171.91420036315918,61.140098738592876,False,False
2023-11-08,182.3500061035156,183.4499969482422,181.58999633789065,182.88999938964844,182.1695098876953,49340300,176.60820098876954,172.11600036621093,63.494342115764915,False,False
2023-11-09,182.9600067138672,184.1199951171875,181.80999755859372,182.41000366210935,181.69140625,53763500,176.50340118408204,172.31875038146973,68.73769187474716,False,False
2023-11-10,183.97000122070312,186.57000732421875,183.52999877929688,186.3999938964844,185.9102783203125,66133400,176.47400115966798,172.5309503173828,72.86686949212739,False,True
2023-11-13,185.82000732421875,186.02999877929688,184.2100067138672,184.8000030517578,184.3144989013672,43627500,176.38080108642578,172.7253003692627,68.64740332637514,False,False
2023-11-14,187.6999969482422,188.1100006103516,186.3000030517578,187.44000244140625,186.9475555419922,60108400,176.33560119628908,172.94750038146972,76.56045375536726,False,True
2023-11-15,187.8500061035156,189.5,187.77999877929688,188.00999450683597,187.51605224609372,53790500,176.43760101318358,173.16610038757324,88.93805110569961,False,True
2023-11-16,189.57000732421875,190.9600067138672,188.6499938964844,189.7100067138672,189.21160888671875,54412900,176.68060119628908,173.38750045776368,89.08694288640264,False,True
2023-11-17,190.25,190.3800048828125,188.57000732421875,189.69000244140625,189.191650390625,50922700,176.91080139160155,173.58185043334962,88.12892228279466,False,True
2023-11-20,189.88999938964844,191.91000366210935,189.8800048828125,191.4499969482422,190.947021484375,46505100,177.1526013183594,173.76660041809083,88.69758931702059,False,True
2023-11-21,191.41000366210935,191.5200042724609,189.7400054931641,190.63999938964844,190.13916015625,38134500,177.43940124511718,173.96115043640137,84.25811120915687,False,True
2023-11-22,191.4900054931641,192.92999267578125,190.8300018310547,191.30999755859372,190.8073883056641,39617700,177.78140106201172,174.14445045471192,82.10279007750592,False,True
2023-11-24,190.8699951171875,190.8999938964844,189.25,189.97000122070312,189.47091674804688,24048300,178.0660009765625,174.3347004699707,80.52250568883498,False,True
2023-11-27,189.9199981689453,190.6699981689453,188.8999938964844,189.7899932861328,189.2913818359375,40552600,178.36160095214845,174.52930046081542,77.18848313988747,False,True
2023-11-28,189.77999877929688,191.0800018310547,189.3999938964844,190.3999938964844,189.8997802734375,38415400,178.61020080566405,174.72625045776368,74.59862495690956,False,True
2023-11-29,190.8999938964844,192.08999633789065,188.97000122070312,189.3699951171875,188.8724822998047,43014200,178.81620056152343,174.90385040283203,68.62070023896683,False,False
2023-11-30,189.83999633789065,190.32000732421875,188.19000244140625,189.9499969482422,189.45095825195312,48794400,179.105400390625,175.08760040283204,71.54285674425984,False,True
2023-12-01,190.3300018310547,191.55999755859372,189.22999572753903,191.2400054931641,190.73757934570312,45679300,179.45160064697265,175.2671504211426,66.35138715766959,False,False
2023-12-04,189.97999572753903,190.0500030517578,187.4499969482422,189.42999267578125,188.9323272705078,43389500,179.7444006347656,175.44575035095215,65.42299102264207,False,False
2023-12-05,190.2100067138672,194.3999938964844,190.17999267578125,193.4199981689453,192.91184997558597,66628400,180.09120056152344,175.65010032653808,68.27623578701525,False,False
2023-12-06,194.4499969482422,194.75999450683597,192.1100006103516,192.32000732421875,191.81475830078125,41089700,180.49840057373046,175.8693003845215,62.75904436243389,False,False
2023-12-07,193.6300048828125,195.0,193.58999633789065,194.2700042724609,193.75962829589844,47477700,180.97520080566406,176.09610038757324,63.302198545697884,False,False
2023-12-08,194.1999969482422,195.9900054931641,193.6699981689453,195.7100067138672,195.19583129882807,53377300,181.4756008911133,176.32765045166016,66.21767272386455,False,False
2023-12-11,193.1100006103516,193.4900054931641,191.4199981689453,193.17999267578125,192.67247009277344,60943700,181.91500061035157,176.56000038146973,54.47489092707446,False,False
2023-12-12,193.0800018310547,194.72000122070312,191.72000122070312,194.7100067138672,194.19847106933597,52696900,182.3342007446289,176.79395042419435,60.14961948249617,False,False
2023-12-13,195.08999633789065,198.0,194.8500061035156,197.9600067138672,197.4399261474609,70404200,182.84540100097655,177.04670043945313,64.69287288708725,False,False
2023-12-14,198.0200042724609,199.6199951171875,196.16000366210935,198.1100006103516,197.5895233154297,66831600,183.33440093994142,177.3107004547119,68.98316483938802,False,False
2023-12-15,197.52999877929688,198.3999938964844,197.0,197.57000732421875,197.0509490966797,128256700,183.7876010131836,177.56900047302247,67.84404141704923,False,False
2023-12-18,196.08999633789065,196.6300048828125,194.38999938964844,195.88999938964844,195.37535095214844,55751900,184.1556008911133,177.79330047607422,62.00261407208767,False,False
2023-12-19,196.16000366210935,196.9499969482422,195.88999938964844,196.94000244140625,196.422607421875,40714100,184.51460083007814,178.00885047912598,66.5355884388069,False,False
2023-12-20,196.8999938964844,197.67999267578125,194.8300018310547,194.8300018310547,194.31814575195312,52242800,184.84340087890624,178.22500045776368,59.99180200850787,False,False
2023-12-21,196.1000061035156,197.0800018310547,193.5,194.67999267578125,194.16851806640625,46482500,185.1410006713867,178.43405044555664,57.388274482018105,False,False
2023-12-22,195.17999267578125,195.41000366210935,192.97000122070312,193.6000061035156,193.0913848876953,37122800,185.3988006591797,178.64910049438475,59.24614199932594,False,False
2023-12-26,193.6100006103516,193.88999938964844,192.8300018310547,193.0500030517578,192.54283142089844,28919300,185.68280059814452,178.87185050964356,49.03193403992673,False,False
2023-12-27,192.4900054931641,193.5,191.08999633789065,193.1499938964844,192.64254760742188,48087700,185.97140045166014,179.08525047302246,52.29151254825773,False,False
2023-12-28,194.13999938964844,194.66000366210935,193.1699981689453,193.5800018310547,193.0714263916016,34049900,186.30000061035156,179.29020050048828,47.920430004672454,False,False
2023-12-29,193.8999938964844,194.3999938964844,191.72999572753903,192.52999877929688,192.0241851806641,42628800,186.63380065917968,179.48790046691894,40.1851773360272,False,False
2024-01-02,187.1499938964844,188.44000244140625,183.88999938964844,185.63999938964844,185.15228271484372,82488700,186.83740051269533,179.63685043334962,31.663451883264457,False,False
2024-01-03,184.22000122070312,185.8800048828125,183.42999267578125,184.25,183.7659454345703,58414500,187.06480041503906,179.7831004333496,24.387836308000473,True,False
2024-01-04,182.1499938964844,183.08999633789065,180.8800048828125,181.91000366210935,181.43209838867188,71983600,187.24300048828124,179.90565048217775,8.867228163149534,True,False
2024-01-05,181.9900054931641,182.75999450683597,180.1699981689453,181.17999267578125,180.70399475097656,62303300,187.39780029296875,180.01515045166016,7.864613832855198,True,False
2024-01-08,182.08999633789065,185.6000061035156,181.5,185.55999755859372,185.07249450683597,59144500,187.68700012207032,180.15380043029785,24.90597967962303,True,False
2024-01-09,183.9199981689453,185.1499938964844,182.72999572753903,185.13999938964844,184.65359497070312,42841800,188.05200012207033,180.2848504638672,26.290265477195234,True,False
2024-01-10,184.3500061035156,186.3999938964844,183.9199981689453,186.19000244140625,185.70083618164065,46792900,188.41140014648437,180.41455047607423,26.290265477195234,True,False
2024-01-11,186.5399932861328,187.0500030517578,183.6199951171875,185.58999633789065,185.1024169921875,49128400,188.71740020751952,180.5511004638672,28.166358149996043,True,False
2024-01-12,186.05999755859372,186.7400054931641,185.19000244140625,185.9199981689453,185.4315490722656,40444700,189.0204000854492,180.6924504852295,29.47518803551411,True,False
2024-01-16,182.16000366210935,184.25999450683597,180.92999267578125,183.6300048828125,183.14756774902344,65603000,189.2136001586914,180.80675048828124,27.8935850884873,True,False
2024-01-17,181.2700042724609,182.92999267578125,180.3000030517578,182.67999267578125,182.20005798339844,47317400,189.31579986572265,180.9083504486084,27.40741183987521,True,False
2024-01-18,186.08999633789065,189.13999938964844,185.8300018310547,188.6300048828125,188.1344451904297,78005800,189.5554000854492,181.02700050354005,42.15281015555453,False,False
2024-01-19,189.3300018310547,191.9499969482422,188.82000732421875,191.55999755859372,191.0567321777344,68741000,189.80200012207033,181.1539505004883,46.773159575074814,False,False
2024-01-22,192.3000030517578,195.3300018310547,192.25999450683597,193.88999938964844,193.38059997558597,60133900,190.0433999633789,181.29525047302246,52.087168907320994,False,False
2024-01-23,195.0200042724609,195.75,193.8300018310547,195.17999267578125,194.66722106933597,42355600,190.28919982910156,181.4523504638672,67.67973314677444,False,False
2024-01-24,195.4199981689453,196.3800048828125,194.33999633789065,194.5,193.98899841308597,53631300,190.53099975585937,181.60155044555665,69.50893106076103,False,False
2024-01-25,195.22000122070312,196.2700042724609,193.1100006103516,194.1699981689453,193.65988159179688,54822100,190.6863998413086,181.7622504425049,75.2678933646981,False,True
2024-01-26,194.2700042724609,194.75999450683597,191.94000244140625,192.4199981689453,191.9144744873047,44594000,190.83879974365234,181.92035041809083,72.2310111779019,False,True
2024-01-29,192.00999450683597,192.1999969482422,189.5800018310547,191.72999572753903,191.22628784179688,47145600,190.924599609375,182.07850036621093,64.28901078009196,False,False
2024-01-30,190.94000244140625,191.8000030517578,187.47000122070312,188.0399932861328,187.5459747314453,55859400,190.92519958496095,182.19090034484864,55.832646913319586,False,False
2024-01-31,187.0399932861328,187.1000061035156,184.3500061035156,184.3999938964844,183.91554260253903,55467800,190.81899932861327,182.2868502807617,46.739512297077695,False,False
2024-02-01,183.9900054931641,186.9499969482422,183.82000732421875,186.8600006103516,186.3690948486328,64885400,190.76239929199218,182.39500030517578,52.16650241740553,False,False
2024-02-02,179.86000061035156,187.3300018310547,179.25,185.8500061035156,185.3617401123047,102518000,190.65039947509766,182.49190032958984,49.88330768154465,False,False
2024-02-05,188.1499938964844,189.25,185.83999633789065,187.67999267578125,187.1869201660156,69668800,190.5911993408203,182.5921502685547,56.85741273346774,False,False
2024-02-06,186.8600006103516,189.30999755859372,186.7700042724609,189.3000030517578,188.80267333984372,43490800,190.5509994506836,182.70540031433106,60.96028318698534,False,False
2024-02-07,190.63999938964844,191.0500030517578,188.6100006103516,189.41000366210935,188.9123992919922,53439000,190.53979949951173,182.8273503112793,51.60098367884859,False,False
2024-02-08,189.38999938964844,189.5399932861328,187.3500061035156,188.32000732421875,187.82525634765625,40962000,190.51039978027345,182.94230033874513,42.806412488904925,False,False
2024-02-09,188.6499938964844,189.9900054931641,188.0,188.8500061035156,188.59420776367188,45155200,190.47940002441408,183.0677003479004,37.8378457992274,False,False
2024-02-12,188.4199981689453,188.6699981689453,186.7899932861328,187.1499938964844,186.89649963378903,41781900,190.435,183.18465034484862,30.99858749718365,False,False
2024-02-13,185.7700042724609,186.2100067138672,183.50999450683597,185.0399932861328,184.7893524169922,56529500,190.3367999267578,183.26780029296876,29.033684975173998,True,False
2024-02-14,185.32000732421875,185.52999877929688,182.44000244140625,184.1499938964844,183.9005584716797,54630500,190.19499969482422,183.34015029907226,28.33045031227043,True,False
2024-02-15,183.5500030517578,184.4900054931641,181.3500061035156,183.8600006103516,183.6109619140625,65434500,190.08359985351564,183.41150032043458,30.240082845488928,False,False
2024-02-16,183.4199981689453,184.8500061035156,181.6699981689453,182.30999755859372,182.06304931640625,49701400,189.86139984130858,183.48035034179688,29.085265582154477,True,False
2024-02-20,181.7899932861328,182.42999267578125,180.0,181.55999755859372,181.31407165527344,53665600,189.6461996459961,183.55090034484863,33.45251501135827,False,False
2024-02-21,181.94000244140625,182.88999938964844,180.66000366210935,182.32000732421875,182.07305908203125,41529700,189.40719970703125,183.63355041503905,43.772499844671046,False,False
2024-02-22,183.47999572753903,184.9600067138672,182.4600067138672,184.3699951171875,184.12026977539065,52292200,189.18039947509766,183.68755035400392,42.35725439100164,False,False
2024-02-23,185.00999450683597,185.0399932861328,182.22999572753903,182.5200042724609,182.2727813720703,45119700,188.96719970703126,183.7326503753662,40.28019892555969,False,False
2024-02-26,182.2400054931641,182.75999450683597,180.6499938964844,181.16000366210935,180.9146270751953,40867400,188.6961996459961,183.77960037231446,30.432210142604504,False,False
2024-02-27,181.1000061035156,183.9199981689453,179.55999755859375,182.6300048828125,182.38262939453125,54318900,188.389599609375,183.82495040893554,29.800119963142293,True,False
2024-02-28,182.50999450683597,183.1199951171875,180.1300048828125,181.4199981689453,181.17425537109372,48953900,188.0557995605469,183.8633003997803,27.314011311086176,True,False
2024-02-29,181.2700042724609,182.57000732421875,179.52999877929688,180.75,180.5051727294922,136682600,187.7193994140625,183.9042003631592,27.981366349359718,True,False
2024-03-01,179.5500030517578,180.52999877929688,177.3800048828125,179.66000366210938,179.41665649414062,73488000,187.39479949951172,183.94215034484864,24.112669179137526,True,False
2024-03-04,176.14999389648438,176.89999389648438,173.7899932861328,175.10000610351562,174.86282348632812,81510100,186.95799957275392,183.9573003387451,20.766626983422015,True,False
2024-03-05,170.75999450683594,172.0399932861328,169.6199951171875,170.1199951171875,169.8895721435547,95132400,186.46379943847657,183.944450302124,18.2282775046548,True,False
2024-03-06,171.05999755859375,171.24000549316406,168.67999267578125,169.1199951171875,168.8909149169922,68587700,185.9525994873047,183.91480026245117,18.14327869319041,True,False
2024-03-07,169.14999389648438,170.72999572753906,168.49000549316406,169.0,168.77108764648438,71765100,185.46059936523437,183.88400024414062,18.27497486730013,True,False
2024-03-08,169.0,173.6999969482422,168.94000244140625,170.72999572753906,170.4987335205078,76114600,185.01419921875,183.8666502380371,25.466088297991476,True,False
2024-03-11,172.94000244140625,174.3800048828125,172.0500030517578,172.75,172.51600646972656,60139500,184.60619934082033,183.87260025024415,32.28789849559489,False,False
2024-03-12,173.14999389648438,174.02999877929688,171.00999450683594,173.22999572753906,172.99534606933594,59825400,184.19919921875,183.87955024719238,31.51683897714534,False,False
2024-03-13,172.77000427246094,173.19000244140625,170.75999450683594,171.1300048828125,170.89820861816406,52488700,183.77119934082032,183.87025024414064,23.133119396385766,True,True
2024-03-14,172.91000366210938,174.30999755859375,172.0500030517578,173.0,172.7656707763672,72913500,183.51839935302735,183.85810028076173,30.697468066977905,False,False
2024-03-15,171.1699981689453,172.6199951171875,170.2899932861328,172.6199951171875,172.3861846923828,121664700,183.2857992553711,183.83470024108885,31.96788178558826,False,False
2024-03-18,175.57000732421875,177.7100067138672,173.52000427246094,173.72000122070312,173.4846954345703,75604200,183.12199920654297,183.81705024719238,30.888021031077926,False,False
2024-03-19,174.33999633789062,176.61000061035156,173.02999877929688,176.0800018310547,175.84149169921875,55215200,183.01999938964843,183.79700027465822,39.0842228058465,False,False
2024-03-20,175.72000122070312,178.6699981689453,175.08999633789062,178.6699981689453,178.42799377441406,53423100,182.88219940185547,183.7856002807617,46.05761438745887,False,False
2024-03-21,177.0500030517578,177.49000549316406,170.83999633789062,171.3699951171875,171.13787841796875,106181300,182.60679931640624,183.7445502471924,37.281360115890024,False,False
2024-03-22,171.75999450683594,173.0500030517578,170.05999755859375,172.27999877929688,172.04664611816406,71106600,182.32859924316406,183.70990020751952,45.12783848251513,False,False
2024-03-25,170.57000732421875,171.94000244140625,169.4499969482422,170.85000610351562,170.61859130859375,54288300,182.03379943847656,183.675050201416,51.43759638163944,False,False
2024-03-26,170.0,171.4199981689453,169.5800018310547,169.7100067138672,169.48013305664062,57388400,181.709599609375,183.62075019836425,51.15552678717113,False,False
2024-03-27,170.41000366210938,173.60000610351562,170.11000061035156,173.30999755859375,173.0752410888672,60273300,181.50319946289062,183.5825001525879,57.42847404636445,False,False
2024-03-28,171.75,172.22999572753906,170.50999450683594,171.47999572753906,171.2477264404297,65672700,181.27919952392577,183.52095016479493,51.288217755766986,False,False
2024-04-01,171.19000244140625,171.25,169.47999572753906,170.02999877929688,169.79969787597656,46240500,180.90719940185548,183.45455017089844,45.23475242675883,False,False
2024-04-02,169.0800018310547,169.33999633789062,168.22999572753906,168.83999633789062,168.61129760742188,49329500,180.4527993774414,183.37900016784667,42.495723624321634,False,False
2024-04-03,168.7899932861328,170.67999267578125,168.5800018310547,169.64999389648438,169.42019653320312,47691700,179.96799926757814,183.29720016479493,47.35334149027552,False,False
2024-04-04,170.2899932861328,171.9199981689453,168.82000732421875,168.82000732421875,168.59133911132812,53704400,179.44079956054688,183.21670021057128,42.23626424702476,False,False
2024-04-05,169.58999633789062,170.38999938964844,168.9499969482422,169.5800018310547,169.3502960205078,42055200,178.94239959716796,183.13955024719237,44.43224112711702,False,False
2024-04-08,169.02999877929688,169.1999969482422,168.24000549316406,168.4499969482422,168.22183227539062,37425500,178.42799957275392,183.06200019836425,40.35856237825198,False,False
2024-04-09,168.6999969482422,170.0800018310547,168.35000610351562,169.6699981689453,169.44017028808594,42451200,177.9729995727539,182.975350189209,37.76248466254094,False,False
2024-04-10,168.8000030517578,169.08999633789062,167.11000061035156,167.77999877929688,167.552734375,49709300,177.49399963378906,182.88085021972657,28.63866206208759,True,False
2024-04-11,168.33999633789062,175.4600067138672,168.16000366210938,175.0399932861328,174.8029022216797,91070300,177.23399963378907,182.82970016479493,57.21022202316821,False,False
2024-04-12,174.25999450683594,178.36000061035156,174.2100067138672,176.5500030517578,176.3108673095703,101593300,177.07699981689453,182.77215019226074,58.195794192984934,False,False
2024-04-15,175.36000061035156,176.6300048828125,172.5,172.69000244140625,172.45608520507812,73531800,176.79359985351562,182.6893502044678,53.23033286471103,False,False
2024-04-16,171.75,173.75999450683594,168.27000427246094,169.3800048828125,169.15057373046875,73711200,176.46419982910157,182.5883002471924,49.461660585549595,False,False
2024-04-17,169.61000061035156,170.64999389648438,168.0,168.0,167.77244567871094,50901200,176.07059997558594,182.45845024108885,40.66127519069466,False,False
2024-04-18,168.02999877929688,168.63999938964844,166.5500030517578,167.0399932861328,166.81373596191406,43122900,175.62539978027343,182.3313501739502,41.94484246240115,False,False
2024-04-19,166.2100067138672,166.39999389648438,164.0800018310547,165.0,164.77650451660156,67772100,175.13719970703124,182.19970016479493,41.06571959163894,False,False
2024-04-22,165.52000427246094,167.25999450683594,164.77000427246094,165.83999633789062,165.6153564453125,48116400,174.68759948730468,182.0698501586914,44.60431417750699,False,False
2024-04-23,165.35000610351562,167.0500030517578,164.9199981689453,166.89999389648438,166.67391967773438,49537800,174.24859924316405,181.95095016479493,45.09803708240946,False,False
2024-04-24,166.5399932861328,169.3000030517578,166.2100067138672,169.02000427246094,168.7910614013672,48251800,173.88599945068358,181.85300018310548,50.34082629378514,False,False
2024-04-25,169.52999877929688,170.61000061035156,168.14999389648438,169.88999938964844,169.65988159179688,50558300,173.58299957275392,181.76205017089845,50.52631142631536,False,False
2024-04-26,169.8800048828125,171.33999633789062,169.17999267578125,169.3000030517578,169.0706787109375,44838400,173.28599975585936,181.6597001647949,51.47008992708928,False,False
2024-04-29,173.3699951171875,176.02999877929688,173.10000610351562,173.5,173.26498413085938,68169400,173.07879974365235,181.57450019836426,56.00502023260921,False,False
2024-04-30,173.3300018310547,174.99000549316406,170.0,170.3300018310547,170.0992889404297,65934800,172.83919982910157,181.4727001953125,53.843839602839054,False,False
2024-05-01,169.5800018310547,172.7100067138672,169.11000061035156,169.3000030517578,169.0706787109375,50383100,172.59399993896486,181.34925018310548,39.34671545249612,False,False
2024-05-02,172.50999450683594,173.4199981689453,170.88999938964844,173.02999877929688,172.79562377929688,94214900,172.4081997680664,181.24575019836425,43.96432497884647,False,False
2024-05-03,186.6499938964844,187.0,182.66000366210935,183.3800048828125,183.1316070556641,163224100,172.3883999633789,181.18715019226073,64.99299336831086,False,False
2024-05-06,182.3500061035156,184.1999969482422,180.4199981689453,181.7100067138672,181.46388244628903,78569700,172.37220001220703,181.13005020141603,68.12702708401847,False,False
2024-05-07,183.4499969482422,184.8999938964844,181.32000732421875,182.3999938964844,182.1529235839844,77305800,172.39699981689452,181.0823501586914,71.60864933977759,False,True
2024-05-08,182.8500061035156,183.07000732421875,181.4499969482422,182.7400054931641,182.4924774169922,45057100,172.39919982910158,181.03230018615722,74.00614831551276,False,True
2024-05-09,182.55999755859372,184.66000366210935,182.1100006103516,184.57000732421875,184.32000732421875,48983000,172.46220001220703,180.98705024719237,80.11697938818295,False,True
2024-05-10,184.8999938964844,185.08999633789065,182.1300048828125,183.0500030517578,183.0500030517578,50759500,172.5082000732422,180.92980026245118,75.94212792266549,False,True
2024-05-13,185.44000244140625,187.1000061035156,184.6199951171875,186.27999877929688,186.27999877929688,72044800,172.64059997558593,180.89510025024413,77.41936458837966,False,True
2024-05-14,187.50999450683597,188.3000030517578,186.2899932861328,187.42999267578125,187.42999267578125,52393600,172.88719970703124,180.85310020446778,76.78207621762944,False,True
2024-05-15,187.91000366210935,190.6499938964844,187.3699951171875,189.72000122070312,189.72000122070312,70400000,173.27919982910157,180.81945022583008,77.70327682450002,False,True
2024-05-16,190.47000122070312,191.1000061035156,189.66000366210935,189.83999633789065,189.83999633789065,52845200,173.69359985351562,180.79060020446778,79.07700722027745,False,True
2024-05-17,189.50999450683597,190.80999755859372,189.17999267578125,189.8699951171875,189.8699951171875,41282900,174.11099975585938,180.77705017089843,76.27608077803674,False,True
2024-05-20,189.3300018310547,191.9199981689453,189.00999450683597,191.0399932861328,191.0399932861328,44361300,174.51719970703124,180.77640014648438,85.52314887032591,False,True
2024-05-21,191.08999633789065,192.72999572753903,190.9199981689453,192.3500061035156,192.3500061035156,42309400,174.90919982910157,180.82820014953614,89.16071498010342,False,True
2024-05-22,192.2700042724609,192.82000732421875,190.2700042724609,190.8999938964844,190.8999938964844,34648500,175.26259979248047,180.88845008850097,82.90972200366002,False,True
2024-05-23,190.97999572753903,191.0,186.6300048828125,186.8800048828125,186.8800048828125,51005900,175.57759979248047,180.92385009765624,58.40537648593585,False,False
2024-05-24,188.82000732421875,190.5800018310547,188.0399932861328,189.97999572753903,189.97999572753903,36294600,175.91719970703124,180.98280006408692,68.58424497454354,False,False
2024-05-28,191.50999450683597,193.0,189.1000061035156,189.9900054931641,189.9900054931641,52280100,176.2645999145508,181.04290008544922,67.59388885076754,False,False
2024-05-29,189.6100006103516,192.25,189.50999450683597,190.2899932861328,190.2899932861328,53068000,176.59599975585937,181.10540008544922,67.53364658856549,False,False
2024-05-30,190.75999450683597,192.17999267578125,190.6300048828125,191.2899932861328,191.2899932861328,49947900,176.90019958496094,181.16455001831054,66.23185254257908,False,False
2024-05-31,191.44000244140625,192.57000732421875,189.91000366210935,192.25,192.25,75158300,177.17179962158204,181.23855003356934,72.84011228165883,False,True
2024-06-03,192.8999938964844,194.9900054931641,192.5200042724609,194.02999877929688,194.02999877929688,50080500,177.62499969482423,181.32584999084472,70.73300959776897,False,True
2024-06-04,194.63999938964844,195.32000732421875,193.02999877929688,194.3500061035156,194.3500061035156,47471400,178.0663998413086,181.4276000213623,69.37292071417222,False,False
2024-06-05,195.3999938964844,196.8999938964844,194.8699951171875,195.8699951171875,195.8699951171875,54156800,178.56679962158202,181.53449996948243,67.99296434853267,False,False
2024-06-06,195.69000244140625,196.5,194.1699981689453,194.47999572753903,194.47999572753903,41181800,179.06219940185548,181.62769996643067,62.636163495093555,False,False
2024-06-07,194.6499938964844,196.94000244140625,194.13999938964844,196.88999938964844,196.88999938964844,53103900,179.53379943847656,181.7259999847412,66.92382452544369,False,False
2024-06-10,196.8999938964844,197.3000030517578,192.1499938964844,193.1199951171875,193.1199951171875,97262100,179.96659942626954,181.7859999847412,54.455871460129416,False,False
2024-06-11,193.6499938964844,207.16000366210935,193.6300048828125,207.1499938964844,207.1499938964844,172373300,180.7089993286133,181.93984992980958,70.5213377634321,False,True
2024-06-12,207.3699951171875,220.1999969482422,206.8999938964844,213.07000732421875,213.07000732421875,198134300,181.59359954833985,182.1121499633789,77.35012841779182,False,True
2024-06-13,214.7400054931641,216.75,211.6000061035156,214.2400054931641,214.2400054931641,97862700,182.48539978027344,182.2823999786377,86.3057256488122,True,True
2024-06-14,213.8500061035156,215.1699981689453,211.3000030517578,212.4900054931641,212.4900054931641,70122700,183.35879974365236,182.42425003051758,80.97990528047093,False,True
2024-06-17,213.3699951171875,218.9499969482422,212.72000122070312,216.6699981689453,216.6699981689453,93728300,184.30059967041015,182.5693500518799,82.93826256269284,False,True
2024-06-18,217.58999633789065,218.6300048828125,213.0,214.2899932861328,214.2899932861328,79943300,185.21739959716797,182.70145004272462,78.18223387435475,False,True
2024-06-20,213.92999267578125,214.2400054931641,208.8500061035156,209.67999267578125,209.67999267578125,86172500,186.0175994873047,182.80254997253417,69.90689796766483,False,False
2024-06-21,210.38999938964844,211.88999938964844,207.1100006103516,207.4900054931641,207.4900054931641,241805100,186.81179962158203,182.8915000152588,66.0691755394716,False,False
